Bank Name,Bank ID,Account Number,Entity ID,Entity Name
Test Bank #1,1,800000000,800000000,Corporation #1000
Test Bank #1,1,800000001,800000001,Corporation #1001
Test Bank #1,1,800000002,800000002,Corporation #1002
Test Bank #1,1,800000003,800000003,Corporation #1003
Test Bank #1,1,800000004,800000004,Corporation #1004
Test Bank #1,1,800000005,800000005,Corporation #1005
Test Bank #1,1,800000006,800000006,Corporation #1006
Test Bank #1,1,800000007,800000007,Corporation #1007
Test Bank #1,1,800000008,800000008,Corporation #1008
Test Bank #1,1,800000009,800000009,Corporation #1009
Test Bank #1,1,800000010,800000010,Corporation #1010
Test Bank #1,1,800000011,800000011,Corporation #1011
Test Bank #1,1,800000012,800000012,Corporation #1012
Test Bank #1,1,800000013,800000013,Corporation #1013
Test Bank #1,1,800000014,800000014,Corporation #1014
Test Bank #1,1,800000015,800000015,Corporation #1015
Test Bank #1,1,800000016,800000016,Corporation #1016
Test Bank #1,1,800000017,800000017,Corporation #1017
Test Bank #1,1,800000018,800000018,Corporation #1018
Test Bank #1,1,800000019,800000019,Corporation #1019
Test Bank #1,1,800000020,800000020,Corporation #1020
Test Bank #1,1,800000021,800000021,Corporation #1021
Test Bank #1,1,800000022,800000022,Corporation #1022
Test Bank #1,1,800000023,800000023,Corporation #1023
Test Bank #1,1,800000024,800000024,Corporation #1024
Test Bank #1,1,800000025,800000025,Corporation #1025
Test Bank #1,1,800000026,800000026,Corporation #1026
Test Bank #1,1,800000027,800000027,Corporation #1027
Test Bank #1,1,800000028,800000028,Corporation #1028
Test Bank #1,1,800000029,800000029,Corporation #1029
Test Bank #1,1,800000030,800000030,Corporation #1030
Test Bank #1,1,800000031,800000031,Corporation #1031
Test Bank #1,1,800000032,800000032,Corporation #1032
Test Bank #1,1,800000033,800000033,Corporation #1033
Test Bank #1,1,800000034,800000034,Corporation #1034
Test Bank #1,1,800000035,800000035,Corporation #1035
Test Bank #1,1,800000036,800000036,Corporation #1036
Test Bank #1,1,800000037,800000037,Corporation #1037
Test Bank #1,1,800000038,800000038,Corporation #1038
Test Bank #1,1,800000039,800000039,Corporation #1039
Test Bank #1,1,800000040,800000040,Corporation #1040
Test Bank #1,1,800000041,800000041,Corporation #1041
Test Bank #1,1,800000042,800000042,Corporation #1042
Test Bank #1,1,800000043,800000043,Corporation #1043
Test Bank #1,1,800000044,800000044,Corporation #1044
Test Bank #1,1,800000045,800000045,Corporation #1045
Test Bank #1,1,800000046,800000046,Corporation #1046
Test Bank #1,1,800000047,800000047,Corporation #1047
Test Bank #1,1,800000048,800000048,Corporation #1048
Test Bank #1,1,800000049,800000049,Corporation #1049
Test Bank #1,1,800000050,800000050,Corporation #1050
Test Bank #1,1,800000051,800000051,Corporation #1051
Test Bank #1,1,800000052,800000052,Corporation #1052
Test Bank #1,1,800000053,800000053,Corporation #1053
Test Bank #1,1,800000054,800000054,Corporation #1054
Test Bank #1,1,800000055,800000055,Corporation #1055
Test Bank #1,1,800000056,800000056,Corporation #1056
Test Bank #1,1,800000057,800000057,Corporation #1057
Test Bank #1,1,800000058,800000058,Corporation #1058
Test Bank #1,1,800000059,800000059,Corporation #1059
Test Bank #10,10,800000060,800000060,Corporation #1060
Test Bank #10,10,800000061,800000061,Corporation #1061
Test Bank #10,10,800000062,800000062,Corporation #1062
Test Bank #10,10,800000063,800000063,Corporation #1063
Test Bank #10,10,800000064,800000064,Corporation #1064
Test Bank #10,10,800000065,800000065,Corporation #1065
Test Bank #10,10,800000066,800000066,Corporation #1066
Test Bank #10,10,800000067,800000067,Corporation #1067
Test Bank #10,10,800000068,800000068,Corporation #1068
Test Bank #10,10,800000069,800000069,Corporation #1069
Test Bank #10,10,800000070,800000070,Corporation #1070
Test Bank #10,10,800000071,800000071,Corporation #1071
Test Bank #10,10,800000072,800000072,Corporation #1072
Test Bank #10,10,800000073,800000073,Corporation #1073
Test Bank #10,10,800000074,800000074,Corporation #1074
Test Bank #10,10,800000075,800000075,Corporation #1075
Test Bank #10,10,800000076,800000076,Corporation #1076
Test Bank #10,10,800000077,800000077,Corporation #1077
Test Bank #10,10,800000078,800000078,Corporation #1078
Test Bank #10,10,800000079,800000079,Corporation #1079
Test Bank #10,10,800000080,800000080,Corporation #1080
Test Bank #10,10,800000081,800000081,Corporation #1081
Test Bank #10,10,800000082,800000082,Corporation #1082
Test Bank #10,10,800000083,800000083,Corporation #1083
Test Bank #10,10,800000084,800000084,Corporation #1084
Test Bank #10,10,800000085,800000085,Corporation #1085
Test Bank #10,10,800000086,800000086,Corporation #1086
Test Bank #10,10,800000087,800000087,Corporation #1087
Test Bank #10,10,800000088,800000088,Corporation #1088
Test Bank #10,10,800000089,800000089,Corporation #1089
Test Bank #10,10,800000090,800000090,Corporation #1090
Test Bank #10,10,800000091,800000091,Corporation #1091
Test Bank #10,10,800000092,800000092,Corporation #1092
Test Bank #10,10,800000093,800000093,Corporation #1093
Test Bank #10,10,800000094,800000094,Corporation #1094
Test Bank #10,10,800000095,800000095,Corporation #1095
Test Bank #10,10,800000096,800000096,Corporation #1096
Test Bank #10,10,800000097,800000097,Corporation #1097
Test Bank #10,10,800000098,800000098,Corporation #1098
Test Bank #10,10,800000099,800000099,Corporation #1099
Test Bank #10,10,800000100,800000100,Corporation #1100
Test Bank #10,10,800000101,800000101,Corporation #1101
Test Bank #10,10,800000102,800000102,Corporation #1102
Test Bank #10,10,800000103,800000103,Corporation #1103
Test Bank #10,10,800000104,800000104,Corporation #1104
Test Bank #10,10,800000105,800000105,Corporation #1105
Test Bank #10,10,800000106,800000106,Corporation #1106
Test Bank #10,10,800000107,800000107,Corporation #1107
Test Bank #10,10,800000108,800000108,Corporation #1108
Test Bank #10,10,800000109,800000109,Corporation #1109
Test Bank #10,10,800000110,800000110,Corporation #1110
Test Bank #10,10,800000111,800000111,Corporation #1111
Test Bank #10,10,800000112,800000112,Corporation #1112
Test Bank #10,10,800000113,800000113,Corporation #1113
Test Bank #10,10,800000114,800000114,Corporation #1114
Test Bank #10,10,800000115,800000115,Corporation #1115
Test Bank #10,10,800000116,800000116,Corporation #1116
Test Bank #10,10,800000117,800000117,Corporation #1117
Test Bank #10,10,800000118,800000118,Corporation #1118
Test Bank #10,10,800000119,800000119,Corporation #1119
Test Bank #20,20,800000120,800000120,Corporation #1120
Test Bank #20,20,800000121,800000121,Corporation #1121
Test Bank #20,20,800000122,800000122,Corporation #1122
Test Bank #20,20,800000123,800000123,Corporation #1123
Test Bank #20,20,800000124,800000124,Corporation #1124
Test Bank #20,20,800000125,800000125,Corporation #1125
Test Bank #20,20,800000126,800000126,Corporation #1126
Test Bank #20,20,800000127,800000127,Corporation #1127
Test Bank #20,20,800000128,800000128,Corporation #1128
Test Bank #20,20,800000129,800000129,Corporation #1129
Test Bank #20,20,800000130,800000130,Corporation #1130
Test Bank #20,20,800000131,800000131,Corporation #1131
Test Bank #20,20,800000132,800000132,Corporation #1132
Test Bank #20,20,800000133,800000133,Corporation #1133
Test Bank #20,20,800000134,800000134,Corporation #1134
Test Bank #20,20,800000135,800000135,Corporation #1135
Test Bank #20,20,800000136,800000136,Corporation #1136
Test Bank #20,20,800000137,800000137,Corporation #1137
Test Bank #20,20,800000138,800000138,Corporation #1138
Test Bank #20,20,800000139,800000139,Corporation #1139
Test Bank #20,20,800000140,800000140,Corporation #1140
Test Bank #20,20,800000141,800000141,Corporation #1141
Test Bank #20,20,800000142,800000142,Corporation #1142
Test Bank #20,20,800000143,800000143,Corporation #1143
Test Bank #20,20,800000144,800000144,Corporation #1144
Test Bank #20,20,800000145,800000145,Corporation #1145
Test Bank #20,20,800000146,800000146,Corporation #1146
Test Bank #20,20,800000147,800000147,Corporation #1147
Test Bank #20,20,800000148,800000148,Corporation #1148
Test Bank #20,20,800000149,800000149,Corporation #1149
Test Bank #20,20,800000150,800000150,Corporation #1150
Test Bank #20,20,800000151,800000151,Corporation #1151
Test Bank #20,20,800000152,800000152,Corporation #1152
Test Bank #20,20,800000153,800000153,Corporation #1153
Test Bank #20,20,800000154,800000154,Corporation #1154
Test Bank #20,20,800000155,800000155,Corporation #1155
Test Bank #20,20,800000156,800000156,Corporation #1156
Test Bank #20,20,800000157,800000157,Corporation #1157
Test Bank #20,20,800000158,800000158,Corporation #1158
Test Bank #20,20,800000159,800000159,Corporation #1159
