Timestamp,From Bank,Account,To Bank,Account,Amount Received,Receiving Currency,Amount Paid,Payment Currency,Payment Format,Is Laundering
2022/09/01 00:03,10,800000097,20,800000123,2652.70,US Dollar,2652.70,US Dollar,Credit Card,0
2022/09/01 00:08,20,800000129,1,800000043,3392.57,US Dollar,3392.57,US Dollar,Cheque,0
2022/09/01 00:09,20,800000123,20,800000151,3968.40,US Dollar,3968.40,US Dollar,Wire,0
2022/09/01 00:20,20,800000136,20,800000144,1604.62,US Dollar,1604.62,US Dollar,ACH,0
2022/09/01 01:03,10,800000085,10,800000094,1608.58,US Dollar,1608.58,US Dollar,Wire,0
2022/09/01 01:18,20,800000135,1,800000033,4161.23,US Dollar,4161.23,US Dollar,Wire,0
2022/09/01 01:40,1,800000020,1,800000050,3000.00,US Dollar,3000.00,US Dollar,ACH,0
2022/09/01 01:41,1,800000043,10,800000103,4152.66,US Dollar,4152.66,US Dollar,Credit Card,0
2022/09/01 01:43,1,800000037,20,800000149,3125.83,US Dollar,3125.83,US Dollar,Wire,0
2022/09/01 02:05,1,800000045,20,800000154,4374.60,US Dollar,4374.60,US Dollar,Cheque,0
2022/09/01 02:08,1,800000028,20,800000127,2970.89,US Dollar,2970.89,US Dollar,Cheque,0
2022/09/01 02:21,20,800000141,20,800000145,2178.83,US Dollar,2178.83,US Dollar,ACH,0
2022/09/01 02:35,20,800000134,1,800000021,4352.82,US Dollar,4352.82,US Dollar,Credit Card,0
2022/09/01 02:40,1,800000021,1,800000051,5000.00,US Dollar,5000.00,US Dollar,ACH,0
2022/09/01 03:20,1,800000025,10,800000060,1080.00,US Dollar,1000.00,Euro,ACH,0
2022/09/01 03:31,10,800000064,1,800000048,3190.02,US Dollar,3190.02,US Dollar,Cheque,0
2022/09/01 03:40,1,800000022,1,800000052,10000.00,US Dollar,10000.00,US Dollar,ACH,0
2022/09/01 03:50,10,800000118,1,800000040,1830.84,US Dollar,1830.84,US Dollar,Credit Card,0
2022/09/01 03:50,1,800000026,10,800000061,1080.00,US Dollar,1000.00,Euro,ACH,0
2022/09/01 03:57,20,800000133,10,800000062,3346.51,US Dollar,3346.51,US Dollar,ACH,0
2022/09/01 04:08,10,800000073,20,800000126,2986.02,US Dollar,2986.02,US Dollar,Wire,0
2022/09/01 04:12,20,800000145,10,800000062,442.69,US Dollar,442.69,US Dollar,Cheque,0
2022/09/01 04:20,1,800000027,10,800000062,1080.00,US Dollar,1000.00,Euro,ACH,0
2022/09/01 04:22,10,800000103,1,800000034,1137.98,US Dollar,1137.98,US Dollar,Credit Card,0
2022/09/01 04:25,10,800000112,10,800000118,4559.97,US Dollar,4559.97,US Dollar,Cheque,0
2022/09/01 04:35,10,800000072,1,800000037,529.26,US Dollar,529.26,US Dollar,Wire,0
2022/09/01 04:40,1,800000023,1,800000053,2000.00,US Dollar,2000.00,US Dollar,ACH,0
2022/09/01 04:50,1,800000028,10,800000063,1080.00,US Dollar,1000.00,Euro,ACH,0
2022/09/01 05:00,1,800000035,10,800000070,9200.50,US Dollar,9200.50,US Dollar,ACH,0
2022/09/01 05:03,10,800000118,1,800000058,2402.81,US Dollar,2402.81,US Dollar,Cheque,0
2022/09/01 05:20,1,800000041,20,800000149,3119.10,US Dollar,3119.10,US Dollar,Cheque,0
2022/09/01 05:20,1,800000029,10,800000064,1080.00,US Dollar,1000.00,Euro,ACH,0
2022/09/01 05:29,10,800000070,20,800000150,1956.59,US Dollar,1956.59,US Dollar,ACH,0
2022/09/01 05:40,1,800000024,1,800000054,7000.00,US Dollar,7000.00,US Dollar,ACH,0
2022/09/01 05:45,1,800000036,10,800000071,9500.75,US Dollar,9500.75,US Dollar,ACH,0
2022/09/01 05:46,10,800000062,20,800000133,1719.85,US Dollar,1719.85,US Dollar,Credit Card,0
2022/09/01 05:50,1,800000030,10,800000065,1080.00,US Dollar,1000.00,Euro,ACH,0
2022/09/01 05:57,10,800000066,10,800000062,3475.62,US Dollar,3475.62,US Dollar,Wire,0
2022/09/01 06:01,1,800000043,20,800000128,3989.40,US Dollar,3989.40,US Dollar,ACH,0
2022/09/01 06:06,20,800000135,10,800000101,369.08,US Dollar,369.08,US Dollar,ACH,0
2022/09/01 06:20,1,800000031,10,800000066,1080.00,US Dollar,1000.00,Euro,ACH,0
2022/09/01 06:30,1,800000037,10,800000072,9800.25,US Dollar,9800.25,US Dollar,ACH,0
2022/09/01 06:31,10,800000093,10,800000111,4145.16,US Dollar,4145.16,US Dollar,Credit Card,0
2022/09/01 06:40,1,800000040,10,800000071,6000.10,US Dollar,6000.10,US Dollar,ACH,0
2022/09/01 06:50,1,800000032,10,800000067,1080.00,US Dollar,1000.00,Euro,ACH,0
2022/09/01 07:15,1,800000038,10,800000073,9050.10,US Dollar,9050.10,US Dollar,ACH,0
2022/09/01 07:20,1,800000033,10,800000068,1080.00,US Dollar,1000.00,Euro,ACH,0
2022/09/01 07:50,1,800000034,10,800000069,1080.00,US Dollar,1000.00,Euro,ACH,0
2022/09/01 07:52,20,800000151,20,800000126,2219.79,US Dollar,2219.79,US Dollar,Wire,0
2022/09/01 07:59,1,800000059,10,800000068,1459.36,US Dollar,1459.36,US Dollar,ACH,0
2022/09/01 08:15,10,800000087,10,800000075,239.18,US Dollar,239.18,US Dollar,Wire,0
2022/09/01 08:20,1,800000025,10,800000060,1080.00,US Dollar,1000.00,Euro,ACH,0
2022/09/01 08:20,1,800000041,10,800000072,496.50,US Dollar,496.50,US Dollar,ACH,0
2022/09/01 08:28,10,800000086,10,800000112,3340.65,US Dollar,3340.65,US Dollar,ACH,0
2022/09/01 08:40,1,800000040,10,800000072,6500.20,US Dollar,6500.20,US Dollar,ACH,0
2022/09/01 08:40,1,800000041,10,800000073,481.59,US Dollar,481.59,US Dollar,ACH,0
2022/09/01 08:50,1,800000026,10,800000061,1080.00,US Dollar,1000.00,Euro,ACH,0
2022/09/01 08:55,10,800000084,20,800000142,591.91,US Dollar,591.91,US Dollar,Wire,0
2022/09/01 09:00,1,800000041,10,800000074,648.38,US Dollar,648.38,US Dollar,ACH,0
2022/09/01 09:13,10,800000084,1,800000024,1746.20,US Dollar,1746.20,US Dollar,Credit Card,0
2022/09/01 09:13,20,800000140,1,800000038,129.27,US Dollar,129.27,US Dollar,ACH,0
2022/09/01 09:14,1,800000041,20,800000154,4679.61,US Dollar,4679.61,US Dollar,ACH,0
2022/09/01 09:19,10,800000102,10,800000100,767.05,US Dollar,767.05,US Dollar,Wire,0
2022/09/01 09:20,1,800000027,10,800000062,1080.00,US Dollar,1000.00,Euro,ACH,0
2022/09/01 09:20,1,800000041,10,800000075,576.36,US Dollar,576.36,US Dollar,ACH,0
2022/09/01 09:25,20,800000158,1,800000035,4489.27,US Dollar,4489.27,US Dollar,Wire,0
2022/09/01 09:40,1,800000041,10,800000076,306.88,US Dollar,306.88,US Dollar,ACH,0
2022/09/01 09:50,1,800000028,10,800000063,1080.00,US Dollar,1000.00,Euro,ACH,0
2022/09/01 09:54,20,800000137,10,800000100,4462.84,US Dollar,4462.84,US Dollar,ACH,0
2022/09/01 09:57,10,800000082,20,800000123,1462.81,US Dollar,1462.81,US Dollar,ACH,0
2022/09/01 10:00,1,800000041,10,800000077,258.52,US Dollar,258.52,US Dollar,ACH,0
2022/09/01 10:00,1,800000046,1,800000045,5000.00,US Dollar,5000.00,US Dollar,ACH,0
2022/09/01 10:05,1,800000059,20,800000128,3798.11,US Dollar,3798.11,US Dollar,Wire,0
2022/09/01 10:08,20,800000154,1,800000028,4035.58,US Dollar,4035.58,US Dollar,ACH,0
2022/09/01 10:20,1,800000029,10,800000064,1080.00,US Dollar,1000.00,Euro,ACH,0
2022/09/01 10:20,1,800000041,10,800000078,255.32,US Dollar,255.32,US Dollar,ACH,0
2022/09/01 10:22,1,800000045,20,800000131,1152.68,US Dollar,1152.68,US Dollar,Credit Card,0
2022/09/01 10:37,20,800000131,1,800000024,2233.83,US Dollar,2233.83,US Dollar,Credit Card,0
2022/09/01 10:40,1,800000040,10,800000073,7000.30,US Dollar,7000.30,US Dollar,ACH,0
2022/09/01 10:40,1,800000041,10,800000079,844.65,US Dollar,844.65,US Dollar,ACH,0
2022/09/01 10:50,1,800000030,10,800000065,1080.00,US Dollar,1000.00,Euro,ACH,0
2022/09/01 10:53,1,800000031,10,800000078,3722.07,US Dollar,3722.07,US Dollar,Cheque,0
2022/09/01 10:55,20,800000159,10,800000095,1575.75,US Dollar,1575.75,US Dollar,Credit Card,0
2022/09/01 11:00,10,800000105,10,800000101,4291.88,US Dollar,4291.88,US Dollar,Cheque,0
2022/09/01 11:00,1,800000041,10,800000080,882.02,US Dollar,882.02,US Dollar,ACH,0
2022/09/01 11:01,20,800000145,20,800000133,399.08,US Dollar,399.08,US Dollar,Credit Card,0
2022/09/01 11:10,10,800000091,20,800000127,1248.29,US Dollar,1248.29,US Dollar,Wire,0
2022/09/01 11:17,1,800000034,1,800000022,3388.51,US Dollar,3388.51,US Dollar,Wire,0
2022/09/01 11:20,1,800000031,10,800000066,1080.00,US Dollar,1000.00,Euro,ACH,0
2022/09/01 11:20,1,800000041,10,800000081,308.76,US Dollar,308.76,US Dollar,ACH,0
2022/09/01 11:39,20,800000141,1,800000037,483.32,US Dollar,483.32,US Dollar,ACH,0
2022/09/01 11:40,1,800000041,10,800000082,428.73,US Dollar,428.73,US Dollar,ACH,0
2022/09/01 11:46,20,800000139,1,800000053,2956.75,US Dollar,2956.75,US Dollar,ACH,0
2022/09/01 11:49,10,800000102,10,800000082,3995.97,US Dollar,3995.97,US Dollar,Credit Card,0
2022/09/01 11:50,20,800000125,20,800000133,4134.82,US Dollar,4134.82,US Dollar,ACH,0
2022/09/01 11:50,1,800000032,10,800000067,1080.00,US Dollar,1000.00,Euro,ACH,0
2022/09/01 12:00,1,800000041,10,800000083,610.51,US Dollar,610.51,US Dollar,ACH,0
2022/09/01 12:14,20,800000151,20,800000124,540.64,US Dollar,540.64,US Dollar,Credit Card,0
2022/09/01 12:17,20,800000147,10,800000098,2412.51,US Dollar,2412.51,US Dollar,Wire,0
2022/09/01 12:20,1,800000033,10,800000068,1080.00,US Dollar,1000.00,Euro,ACH,0
2022/09/01 12:20,1,800000041,10,800000084,734.26,US Dollar,734.26,US Dollar,ACH,0
2022/09/01 12:40,1,800000040,10,800000074,5500.40,US Dollar,5500.40,US Dollar,ACH,0
2022/09/01 12:40,1,800000041,10,800000085,654.89,US Dollar,654.89,US Dollar,ACH,0
2022/09/01 12:44,1,800000032,20,800000158,4021.13,US Dollar,4021.13,US Dollar,Cheque,0
2022/09/01 12:45,1,800000052,10,800000097,2968.53,US Dollar,2968.53,US Dollar,Cheque,0
2022/09/01 12:50,1,800000034,10,800000069,1080.00,US Dollar,1000.00,Euro,ACH,0
2022/09/01 12:54,1,800000033,10,800000105,363.08,US Dollar,363.08,US Dollar,Wire,0
2022/09/01 12:58,20,800000136,20,800000122,2025.95,US Dollar,2025.95,US Dollar,Credit Card,0
2022/09/01 13:00,1,800000041,10,800000086,650.21,US Dollar,650.21,US Dollar,ACH,0
2022/09/01 13:12,10,800000106,1,800000046,490.54,US Dollar,490.54,US Dollar,Credit Card,0
2022/09/01 13:12,10,800000091,1,800000050,661.15,US Dollar,661.15,US Dollar,Wire,0
2022/09/01 13:19,20,800000153,20,800000143,1704.43,US Dollar,1704.43,US Dollar,Wire,0
2022/09/01 13:20,1,800000041,10,800000087,417.12,US Dollar,417.12,US Dollar,ACH,0
2022/09/01 13:26,10,800000078,1,800000043,2111.36,US Dollar,2111.36,US Dollar,ACH,0
2022/09/01 13:33,20,800000133,10,800000080,4113.39,US Dollar,4113.39,US Dollar,Credit Card,0
2022/09/01 13:40,1,800000041,10,800000088,506.24,US Dollar,506.24,US Dollar,ACH,0
2022/09/01 13:48,1,800000039,10,800000095,4061.03,US Dollar,4061.03,US Dollar,ACH,0
2022/09/01 14:00,1,800000041,10,800000089,867.40,US Dollar,867.40,US Dollar,ACH,0
2022/09/01 14:20,1,800000041,10,800000090,367.05,US Dollar,367.05,US Dollar,ACH,0
2022/09/01 14:32,1,800000059,10,800000119,1554.22,US Dollar,1554.22,US Dollar,ACH,0
2022/09/01 14:36,1,800000046,1,800000054,1306.21,US Dollar,1306.21,US Dollar,Cheque,0
2022/09/01 14:40,10,800000093,20,800000157,88.84,US Dollar,88.84,US Dollar,Wire,0
2022/09/01 14:40,1,800000041,10,800000091,371.14,US Dollar,371.14,US Dollar,ACH,0
2022/09/01 15:00,1,800000041,10,800000092,847.24,US Dollar,847.24,US Dollar,ACH,0
2022/09/01 15:16,20,800000133,20,800000129,2714.31,US Dollar,2714.31,US Dollar,ACH,0
2022/09/01 15:20,1,800000041,10,800000093,281.19,US Dollar,281.19,US Dollar,ACH,0
2022/09/01 15:34,10,800000063,1,800000039,2474.80,US Dollar,2474.80,US Dollar,Cheque,0
2022/09/01 15:40,1,800000041,10,800000094,628.61,US Dollar,628.61,US Dollar,ACH,0
2022/09/01 15:55,20,800000138,10,800000097,3133.89,US Dollar,3133.89,US Dollar,Cheque,0
2022/09/01 16:00,1,800000041,10,800000095,238.52,US Dollar,238.52,US Dollar,ACH,0
2022/09/01 16:00,1,800000045,1,800000047,4900.00,US Dollar,4900.00,US Dollar,ACH,0
2022/09/01 16:04,20,800000152,10,800000119,4389.33,US Dollar,4389.33,US Dollar,Credit Card,0
2022/09/01 16:20,1,800000041,10,800000096,666.26,US Dollar,666.26,US Dollar,ACH,0
2022/09/01 16:34,1,800000032,10,800000083,4407.98,US Dollar,4407.98,US Dollar,Wire,0
2022/09/01 16:38,1,800000048,10,800000093,1178.79,US Dollar,1178.79,US Dollar,ACH,0
2022/09/01 16:40,1,800000041,10,800000097,660.64,US Dollar,660.64,US Dollar,ACH,0
2022/09/01 16:40,10,800000100,10,800000101,3000.00,US Dollar,3000.00,US Dollar,ACH,1
2022/09/01 17:00,1,800000041,10,800000098,322.95,US Dollar,322.95,US Dollar,ACH,0
2022/09/01 17:11,1,800000032,10,800000105,1206.95,US Dollar,1206.95,US Dollar,Cheque,0
2022/09/01 17:16,10,800000097,1,800000023,3413.09,US Dollar,3413.09,US Dollar,Credit Card,0
2022/09/01 17:18,1,800000024,10,800000064,1310.50,US Dollar,1310.50,US Dollar,Wire,0
2022/09/01 17:20,1,800000041,10,800000099,208.87,US Dollar,208.87,US Dollar,ACH,0
2022/09/01 17:40,1,800000041,10,800000100,296.05,US Dollar,296.05,US Dollar,ACH,0
2022/09/01 18:00,1,800000041,10,800000101,207.95,US Dollar,207.95,US Dollar,ACH,0
2022/09/01 18:20,1,800000041,10,800000102,547.49,US Dollar,547.49,US Dollar,ACH,0
2022/09/01 18:31,1,800000044,10,800000080,4264.48,US Dollar,4264.48,US Dollar,Wire,0
2022/09/01 18:38,10,800000068,20,800000150,3594.89,US Dollar,3594.89,US Dollar,ACH,0
2022/09/01 18:40,1,800000041,10,800000103,442.69,US Dollar,442.69,US Dollar,ACH,0
2022/09/01 18:46,20,800000144,10,800000069,1126.08,US Dollar,1126.08,US Dollar,Cheque,0
2022/09/01 18:47,1,800000045,10,800000105,3809.06,US Dollar,3809.06,US Dollar,ACH,0
2022/09/01 18:49,20,800000150,10,800000119,2036.64,US Dollar,2036.64,US Dollar,Wire,0
2022/09/01 18:53,20,800000129,20,800000122,1769.48,US Dollar,1769.48,US Dollar,Wire,0
2022/09/01 18:53,10,800000061,10,800000071,3855.98,US Dollar,3855.98,US Dollar,Credit Card,0
2022/09/01 18:56,10,800000093,20,800000140,3356.34,US Dollar,3356.34,US Dollar,Wire,0
2022/09/01 19:00,10,800000109,20,800000129,838.41,US Dollar,838.41,US Dollar,Cheque,0
2022/09/01 19:00,1,800000041,10,800000104,562.06,US Dollar,562.06,US Dollar,ACH,0
2022/09/01 19:13,1,800000049,20,800000139,4623.74,US Dollar,4623.74,US Dollar,Cheque,0
2022/09/01 19:18,10,800000105,1,800000040,2818.01,US Dollar,2818.01,US Dollar,Credit Card,0
2022/09/01 19:20,1,800000041,10,800000105,775.75,US Dollar,775.75,US Dollar,ACH,0
2022/09/01 19:32,10,800000081,20,800000147,4385.94,US Dollar,4385.94,US Dollar,Cheque,0
2022/09/01 19:33,10,800000102,10,800000080,1483.38,US Dollar,1483.38,US Dollar,Cheque,0
2022/09/01 19:40,1,800000041,10,800000106,381.47,US Dollar,381.47,US Dollar,ACH,0
2022/09/01 19:44,20,800000140,10,800000082,2219.74,US Dollar,2219.74,US Dollar,Wire,0
2022/09/01 19:55,10,800000088,10,800000097,1324.93,US Dollar,1324.93,US Dollar,ACH,0
2022/09/01 19:59,10,800000109,1,800000057,1172.28,US Dollar,1172.28,US Dollar,Credit Card,0
2022/09/01 20:00,1,800000041,10,800000107,460.31,US Dollar,460.31,US Dollar,ACH,0
2022/09/01 20:00,10,800000100,10,800000102,3137.11,US Dollar,3137.11,US Dollar,ACH,1
2022/09/01 20:00,10,800000110,10,800000116,2500.00,US Dollar,2500.00,US Dollar,ACH,1
2022/09/01 20:07,10,800000089,20,800000135,4350.20,US Dollar,4350.20,US Dollar,Wire,0
2022/09/01 20:08,10,800000118,20,800000146,1948.35,US Dollar,1948.35,US Dollar,ACH,0
2022/09/01 20:20,1,800000041,10,800000108,724.84,US Dollar,724.84,US Dollar,ACH,0
2022/09/01 20:40,1,800000041,10,800000109,811.42,US Dollar,811.42,US Dollar,ACH,0
2022/09/01 20:51,1,800000058,10,800000079,1869.42,US Dollar,1869.42,US Dollar,Cheque,0
2022/09/01 20:52,1,800000043,1,800000032,4140.24,US Dollar,4140.24,US Dollar,Cheque,0
2022/09/01 20:52,10,800000096,20,800000149,2942.61,US Dollar,2942.61,US Dollar,Credit Card,0
2022/09/01 21:00,1,800000041,10,800000110,713.06,US Dollar,713.06,US Dollar,ACH,0
2022/09/01 21:01,20,800000138,1,800000050,3126.62,US Dollar,3126.62,US Dollar,Wire,0
2022/09/01 21:03,10,800000106,1,800000053,2886.92,US Dollar,2886.92,US Dollar,Cheque,0
2022/09/01 21:03,10,800000083,1,800000038,439.68,US Dollar,439.68,US Dollar,Wire,0
2022/09/01 21:13,10,800000060,20,800000128,1666.19,US Dollar,1666.19,US Dollar,Cheque,0
2022/09/01 21:20,1,800000041,10,800000111,282.64,US Dollar,282.64,US Dollar,ACH,0
2022/09/01 21:34,20,800000139,10,800000093,3268.65,US Dollar,3268.65,US Dollar,ACH,0
2022/09/01 21:34,1,800000024,1,800000051,4464.81,US Dollar,4464.81,US Dollar,Wire,0
2022/09/01 21:40,20,800000132,20,800000154,2533.05,US Dollar,2533.05,US Dollar,Credit Card,0
2022/09/01 21:48,20,800000127,10,800000083,4622.76,US Dollar,4622.76,US Dollar,Credit Card,0
2022/09/01 21:51,10,800000082,20,800000152,878.65,US Dollar,878.65,US Dollar,Credit Card,0
2022/09/01 22:21,10,800000062,1,800000049,3744.51,US Dollar,3744.51,US Dollar,Credit Card,0
2022/09/01 22:28,1,800000051,20,800000152,776.82,US Dollar,776.82,US Dollar,Cheque,0
2022/09/01 22:32,1,800000052,20,800000141,4547.53,US Dollar,4547.53,US Dollar,Credit Card,0
2022/09/01 22:39,10,800000088,1,800000056,389.20,US Dollar,389.20,US Dollar,Credit Card,0
2022/09/01 23:08,20,800000153,10,800000063,3305.25,US Dollar,3305.25,US Dollar,Cheque,0
2022/09/01 23:20,10,800000100,10,800000103,3274.22,US Dollar,3274.22,US Dollar,ACH,1
2022/09/01 23:20,10,800000111,10,800000116,2711.07,US Dollar,2711.07,US Dollar,ACH,1
2022/09/01 23:38,20,800000142,20,800000154,1839.92,US Dollar,1839.92,US Dollar,Wire,0
2022/09/01 23:43,10,800000087,1,800000040,796.02,US Dollar,796.02,US Dollar,ACH,0
2022/09/01 23:55,10,800000088,1,800000030,3674.77,US Dollar,3674.77,US Dollar,Wire,0
2022/09/02 00:00,10,800000064,20,800000126,4240.66,US Dollar,4240.66,US Dollar,ACH,0
2022/09/02 00:46,20,800000152,20,800000133,4401.35,US Dollar,4401.35,US Dollar,Wire,0
2022/09/02 01:00,20,800000120,20,800000121,4321.11,US Dollar,4321.11,US Dollar,ACH,1
2022/09/02 01:10,20,800000140,20,800000142,2142.23,US Dollar,2142.23,US Dollar,ACH,0
2022/09/02 01:22,1,800000034,20,800000150,430.53,US Dollar,430.53,US Dollar,ACH,0
2022/09/02 01:24,10,800000083,1,800000049,173.09,US Dollar,173.09,US Dollar,Wire,0
2022/09/02 01:30,20,800000132,10,800000118,1660.42,US Dollar,1660.42,US Dollar,Wire,0
2022/09/02 01:32,10,800000062,20,800000145,1421.97,US Dollar,1421.97,US Dollar,Credit Card,0
2022/09/02 01:59,10,800000082,20,800000141,3885.61,US Dollar,3885.61,US Dollar,ACH,0
2022/09/02 02:17,10,800000084,10,800000079,623.12,US Dollar,623.12,US Dollar,Credit Card,0
2022/09/02 02:19,1,800000054,20,800000149,2273.10,US Dollar,2273.10,US Dollar,ACH,0
2022/09/02 02:40,10,800000100,10,800000104,3411.33,US Dollar,3411.33,US Dollar,ACH,1
2022/09/02 02:40,10,800000112,10,800000116,2922.14,US Dollar,2922.14,US Dollar,ACH,1
2022/09/02 03:11,10,800000084,20,800000136,4065.19,US Dollar,4065.19,US Dollar,Wire,0
2022/09/02 03:13,20,800000124,20,800000141,2317.88,US Dollar,2317.88,US Dollar,Credit Card,0
2022/09/02 03:16,10,800000113,1,800000049,4477.32,US Dollar,4477.32,US Dollar,Cheque,0
2022/09/02 03:26,10,800000112,20,800000150,1115.15,US Dollar,1115.15,US Dollar,Cheque,0
2022/09/02 03:31,1,800000036,20,800000137,225.67,US Dollar,225.67,US Dollar,ACH,0
2022/09/02 04:22,1,800000035,1,800000045,4551.05,US Dollar,4551.05,US Dollar,Cheque,0
2022/09/02 04:37,1,800000026,20,800000138,4529.13,US Dollar,4529.13,US Dollar,Wire,0
2022/09/02 04:50,1,800000021,10,800000072,1481.74,US Dollar,1481.74,US Dollar,Cheque,0
2022/09/02 04:57,1,800000051,20,800000136,485.45,US Dollar,485.45,US Dollar,ACH,0
2022/09/02 05:02,10,800000110,1,800000046,2795.11,US Dollar,2795.11,US Dollar,Cheque,0
2022/09/02 05:06,20,800000137,1,800000045,397.99,US Dollar,397.99,US Dollar,Credit Card,0
2022/09/02 05:10,20,800000139,20,800000133,2150.26,US Dollar,2150.26,US Dollar,Wire,0
2022/09/02 05:11,10,800000062,20,800000124,2356.80,US Dollar,2356.80,US Dollar,Wire,0
2022/09/02 05:14,1,800000024,10,800000112,1517.11,US Dollar,1517.11,US Dollar,Credit Card,0
2022/09/02 05:22,20,800000149,20,800000137,4641.76,US Dollar,4641.76,US Dollar,Credit Card,0
2022/09/02 05:51,20,800000128,1,800000028,191.54,US Dollar,191.54,US Dollar,Cheque,0
2022/09/02 06:00,10,800000100,10,800000105,3548.44,US Dollar,3548.44,US Dollar,ACH,1
2022/09/02 06:00,10,800000113,10,800000116,3133.21,US Dollar,3133.21,US Dollar,ACH,1
2022/09/02 06:00,20,800000121,20,800000120,4210.22,US Dollar,4210.22,US Dollar,ACH,1
2022/09/02 06:09,1,800000050,10,800000095,1795.83,US Dollar,1795.83,US Dollar,Cheque,0
2022/09/02 06:13,1,800000026,10,800000103,4397.47,US Dollar,4397.47,US Dollar,ACH,0
2022/09/02 06:15,20,800000121,10,800000099,3592.57,US Dollar,3592.57,US Dollar,Credit Card,0
2022/09/02 06:18,1,800000047,1,800000022,518.38,US Dollar,518.38,US Dollar,Cheque,0
2022/09/02 06:22,10,800000117,1,800000029,4128.32,US Dollar,4128.32,US Dollar,Cheque,0
2022/09/02 06:24,20,800000155,1,800000052,3507.33,US Dollar,3507.33,US Dollar,ACH,0
2022/09/02 06:40,1,800000043,10,800000080,3245.78,US Dollar,3245.78,US Dollar,Cheque,0
2022/09/02 06:52,20,800000142,1,800000039,680.32,US Dollar,680.32,US Dollar,Wire,0
2022/09/02 07:24,10,800000095,1,800000059,981.91,US Dollar,981.91,US Dollar,Wire,0
2022/09/02 07:25,20,800000147,10,800000093,3734.77,US Dollar,3734.77,US Dollar,Credit Card,0
2022/09/02 07:55,10,800000117,10,800000115,564.64,US Dollar,564.64,US Dollar,Wire,0
2022/09/02 07:58,1,800000055,20,800000148,4769.05,US Dollar,4769.05,US Dollar,Credit Card,0
2022/09/02 08:00,20,800000132,1,800000039,3439.34,US Dollar,3439.34,US Dollar,Credit Card,0
2022/09/02 08:03,20,800000158,1,800000029,2982.93,US Dollar,2982.93,US Dollar,Credit Card,0
2022/09/02 08:21,20,800000132,1,800000050,3734.25,US Dollar,3734.25,US Dollar,Cheque,0
2022/09/02 08:29,1,800000023,10,800000111,3802.43,US Dollar,3802.43,US Dollar,Credit Card,0
2022/09/02 08:39,10,800000090,20,800000153,2351.84,US Dollar,2351.84,US Dollar,Credit Card,0
2022/09/02 08:49,1,800000039,10,800000096,821.64,US Dollar,821.64,US Dollar,Wire,0
2022/09/02 09:02,20,800000147,1,800000055,3058.35,US Dollar,3058.35,US Dollar,Credit Card,0
2022/09/02 09:13,10,800000095,10,800000076,1970.91,US Dollar,1970.91,US Dollar,Credit Card,0
2022/09/02 09:20,10,800000100,10,800000106,3685.55,US Dollar,3685.55,US Dollar,ACH,1
2022/09/02 09:20,10,800000114,10,800000116,3344.28,US Dollar,3344.28,US Dollar,ACH,1
2022/09/02 09:20,20,800000132,20,800000130,5000.00,US Dollar,5000.00,US Dollar,ACH,1
2022/09/02 09:21,1,800000053,10,800000109,4234.10,US Dollar,4234.10,US Dollar,Credit Card,0
2022/09/02 09:25,1,800000038,10,800000063,2587.16,US Dollar,2587.16,US Dollar,Cheque,0
2022/09/02 09:26,1,800000048,1,800000026,3572.36,US Dollar,3572.36,US Dollar,Cheque,0
2022/09/02 09:40,1,800000039,10,800000112,1245.57,US Dollar,1245.57,US Dollar,Wire,0
2022/09/02 09:45,1,800000037,1,800000030,3632.61,US Dollar,3632.61,US Dollar,Cheque,0
2022/09/02 09:47,20,800000156,10,800000117,3960.96,US Dollar,3960.96,US Dollar,Wire,0
2022/09/02 09:49,20,800000129,10,800000100,3807.61,US Dollar,3807.61,US Dollar,Credit Card,0
2022/09/02 09:50,20,800000132,20,800000152,2194.56,US Dollar,2194.56,US Dollar,Cheque,0
2022/09/02 09:52,10,800000067,1,800000055,2317.91,US Dollar,2317.91,US Dollar,ACH,0
2022/09/02 09:53,1,800000058,10,800000097,454.61,US Dollar,454.61,US Dollar,ACH,0
2022/09/02 10:17,10,800000072,10,800000087,2450.69,US Dollar,2450.69,US Dollar,ACH,0
2022/09/02 10:27,10,800000081,10,800000069,2993.96,US Dollar,2993.96,US Dollar,Credit Card,0
2022/09/02 11:16,20,800000144,10,800000074,1735.42,US Dollar,1735.42,US Dollar,Credit Card,0
2022/09/02 11:39,1,800000027,1,800000049,4215.93,US Dollar,4215.93,US Dollar,Cheque,0
2022/09/02 11:45,10,800000105,1,800000053,3076.29,US Dollar,3076.29,US Dollar,Cheque,0
2022/09/02 12:07,20,800000136,1,800000038,3315.08,US Dollar,3315.08,US Dollar,Cheque,0
2022/09/02 12:20,20,800000130,20,800000131,4950.00,US Dollar,4950.00,US Dollar,ACH,1
2022/09/02 12:31,10,800000101,10,800000081,2265.74,US Dollar,2265.74,US Dollar,Wire,0
2022/09/02 12:34,20,800000150,1,800000048,2770.39,US Dollar,2770.39,US Dollar,Credit Card,0
2022/09/02 12:40,10,800000115,10,800000116,3555.35,US Dollar,3555.35,US Dollar,ACH,1
2022/09/02 12:59,10,800000104,10,800000110,3388.56,US Dollar,3388.56,US Dollar,Credit Card,0
2022/09/02 13:01,10,800000074,10,800000071,3982.77,US Dollar,3982.77,US Dollar,Credit Card,0
2022/09/02 13:18,1,800000026,10,800000088,187.53,US Dollar,187.53,US Dollar,Credit Card,0
2022/09/02 13:19,20,800000121,10,800000103,190.72,US Dollar,190.72,US Dollar,Wire,0
2022/09/02 13:30,1,800000023,1,800000024,2564.73,US Dollar,2564.73,US Dollar,Credit Card,0
2022/09/02 13:40,20,800000159,10,800000111,337.61,US Dollar,337.61,US Dollar,Cheque,0
2022/09/02 13:45,10,800000069,10,800000075,3558.37,US Dollar,3558.37,US Dollar,Credit Card,0
2022/09/02 13:51,1,800000054,20,800000125,4414.15,US Dollar,4414.15,US Dollar,Cheque,0
2022/09/02 14:05,20,800000143,10,800000069,4597.35,US Dollar,4597.35,US Dollar,Credit Card,0
2022/09/02 14:06,10,800000091,1,800000037,4642.72,US Dollar,4642.72,US Dollar,Credit Card,0
2022/09/02 15:11,1,800000029,1,800000034,1801.50,US Dollar,1801.50,US Dollar,ACH,0
2022/09/02 15:20,20,800000131,20,800000132,4900.00,US Dollar,4900.00,US Dollar,ACH,1
2022/09/02 15:37,10,800000083,1,800000056,509.86,US Dollar,509.86,US Dollar,Wire,0
2022/09/02 15:46,20,800000151,10,800000081,3463.09,US Dollar,3463.09,US Dollar,Wire,0
2022/09/02 16:17,10,800000113,1,800000053,478.13,US Dollar,478.13,US Dollar,Credit Card,0
2022/09/02 16:17,10,800000085,20,800000143,4645.07,US Dollar,4645.07,US Dollar,Credit Card,0
2022/09/02 16:20,10,800000108,1,800000026,2343.16,US Dollar,2343.16,US Dollar,Wire,0
2022/09/02 16:22,20,800000124,10,800000103,1961.40,US Dollar,1961.40,US Dollar,Cheque,0
2022/09/02 16:50,20,800000133,10,800000108,4741.35,US Dollar,4741.35,US Dollar,Wire,0
2022/09/02 16:51,1,800000046,10,800000100,1795.92,US Dollar,1795.92,US Dollar,Cheque,0
2022/09/02 16:55,10,800000062,20,800000131,1360.82,US Dollar,1360.82,US Dollar,Wire,0
2022/09/02 17:00,10,800000100,1,800000051,3468.83,US Dollar,3468.83,US Dollar,Credit Card,0
2022/09/02 17:14,20,800000159,10,800000094,3099.06,US Dollar,3099.06,US Dollar,Wire,0
2022/09/02 17:35,10,800000070,20,800000137,558.12,US Dollar,558.12,US Dollar,ACH,0
2022/09/02 18:15,20,800000134,10,800000079,2586.55,US Dollar,2586.55,US Dollar,Wire,0
2022/09/02 18:20,10,800000071,1,800000030,1549.08,US Dollar,1549.08,US Dollar,Wire,0
2022/09/02 18:25,1,800000027,10,800000081,3421.47,US Dollar,3421.47,US Dollar,ACH,0
2022/09/02 18:45,10,800000096,1,800000041,3242.52,US Dollar,3242.52,US Dollar,ACH,0
2022/09/02 18:53,10,800000086,10,800000072,3231.20,US Dollar,3231.20,US Dollar,Cheque,0
2022/09/02 18:55,1,800000055,20,800000155,1793.01,US Dollar,1793.01,US Dollar,Credit Card,0
2022/09/02 19:12,20,800000155,1,800000023,4737.69,US Dollar,4737.69,US Dollar,Cheque,0
2022/09/02 19:43,1,800000045,20,800000140,3667.74,US Dollar,3667.74,US Dollar,Cheque,0
2022/09/02 19:56,20,800000159,10,800000116,2212.89,US Dollar,2212.89,US Dollar,Cheque,0
2022/09/02 19:58,1,800000053,10,800000083,744.66,US Dollar,744.66,US Dollar,Cheque,0
2022/09/02 20:08,20,800000136,1,800000042,1543.96,US Dollar,1543.96,US Dollar,ACH,0
2022/09/02 20:20,1,800000049,20,800000123,149.07,US Dollar,149.07,US Dollar,Cheque,0
2022/09/02 20:22,10,800000106,1,800000027,2397.96,US Dollar,2397.96,US Dollar,Cheque,0
2022/09/02 20:30,1,800000046,20,800000157,938.06,US Dollar,938.06,US Dollar,Cheque,0
2022/09/02 20:50,10,800000099,10,800000116,3106.59,US Dollar,3106.59,US Dollar,Cheque,0
2022/09/02 21:01,10,800000102,1,800000046,4124.23,US Dollar,4124.23,US Dollar,Wire,0
2022/09/02 21:05,10,800000079,1,800000033,525.94,US Dollar,525.94,US Dollar,Wire,0
2022/09/02 21:05,10,800000119,10,800000082,1261.23,US Dollar,1261.23,US Dollar,ACH,0
2022/09/02 21:16,1,800000031,20,800000122,4642.35,US Dollar,4642.35,US Dollar,Wire,0
2022/09/02 21:21,20,800000125,1,800000026,901.96,US Dollar,901.96,US Dollar,Wire,0
2022/09/02 21:27,20,800000142,10,800000073,4180.00,US Dollar,4180.00,US Dollar,Credit Card,0
2022/09/02 22:13,1,800000054,1,800000031,1723.42,US Dollar,1723.42,US Dollar,Cheque,0
2022/09/02 22:56,10,800000114,20,800000141,2679.00,US Dollar,2679.00,US Dollar,Wire,0
2022/09/02 23:01,20,800000129,20,800000146,272.70,US Dollar,272.70,US Dollar,Wire,0
2022/09/02 23:02,10,800000075,1,800000038,265.13,US Dollar,265.13,US Dollar,ACH,0
2022/09/02 23:07,1,800000058,20,800000134,2608.26,US Dollar,2608.26,US Dollar,Credit Card,0
2022/09/02 23:13,1,800000040,20,800000148,3590.92,US Dollar,3590.92,US Dollar,ACH,0
2022/09/02 23:35,10,800000096,1,800000028,2186.23,US Dollar,2186.23,US Dollar,ACH,0
2022/09/02 23:43,1,800000043,10,800000076,3929.34,US Dollar,3929.34,US Dollar,ACH,0
2022/09/02 23:46,1,800000024,20,800000158,297.41,US Dollar,297.41,US Dollar,Cheque,0
2022/09/02 23:48,20,800000143,10,800000077,4074.56,US Dollar,4074.56,US Dollar,Credit Card,0
2022/09/03 00:01,1,800000025,10,800000117,2315.65,US Dollar,2315.65,US Dollar,Credit Card,0
2022/09/03 00:05,20,800000137,10,800000063,3530.67,US Dollar,3530.67,US Dollar,Cheque,0
2022/09/03 00:28,1,800000047,10,800000083,3173.61,US Dollar,3173.61,US Dollar,Cheque,0
2022/09/03 01:03,10,800000117,20,800000139,2584.84,US Dollar,2584.84,US Dollar,Credit Card,0
2022/09/03 01:05,20,800000159,1,800000029,3805.92,US Dollar,3805.92,US Dollar,ACH,0
2022/09/03 01:16,1,800000045,10,800000069,1457.17,US Dollar,1457.17,US Dollar,Cheque,0
2022/09/03 01:23,20,800000125,1,800000033,941.02,US Dollar,941.02,US Dollar,Wire,0
2022/09/03 01:27,20,800000145,1,800000047,2109.24,US Dollar,2109.24,US Dollar,Wire,0
2022/09/03 01:33,10,800000102,20,800000145,142.51,US Dollar,142.51,US Dollar,Credit Card,0
2022/09/03 01:47,20,800000130,1,800000052,248.69,US Dollar,248.69,US Dollar,ACH,0
2022/09/03 01:55,10,800000115,10,800000106,2699.70,US Dollar,2699.70,US Dollar,Cheque,0
2022/09/03 02:00,20,800000141,20,800000140,2000.00,US Dollar,2000.00,US Dollar,ACH,1
2022/09/03 02:17,10,800000096,20,800000141,3924.81,US Dollar,3924.81,US Dollar,Credit Card,0
2022/09/03 02:19,10,800000087,20,800000157,637.05,US Dollar,637.05,US Dollar,Credit Card,0
2022/09/03 02:24,1,800000058,20,800000159,221.13,US Dollar,221.13,US Dollar,Cheque,0
2022/09/03 02:35,20,800000124,10,800000091,205.40,US Dollar,205.40,US Dollar,Cheque,0
2022/09/03 02:35,10,800000108,20,800000122,671.14,US Dollar,671.14,US Dollar,ACH,0
2022/09/03 02:46,1,800000043,10,800000112,1239.35,US Dollar,1239.35,US Dollar,Cheque,0
2022/09/03 02:52,20,800000130,1,800000044,3586.80,US Dollar,3586.80,US Dollar,Cheque,0
2022/09/03 02:58,10,800000081,10,800000098,605.51,US Dollar,605.51,US Dollar,Cheque,0
2022/09/03 03:03,20,800000126,1,800000033,1933.16,US Dollar,1933.16,US Dollar,Cheque,0
2022/09/03 03:06,20,800000129,10,800000100,3209.26,US Dollar,3209.26,US Dollar,Cheque,0
2022/09/03 03:10,10,800000103,1,800000034,1443.50,US Dollar,1443.50,US Dollar,Wire,0
2022/09/03 03:15,20,800000145,10,800000078,1740.10,US Dollar,1740.10,US Dollar,Wire,0
2022/09/03 03:29,1,800000028,1,800000043,1975.07,US Dollar,1975.07,US Dollar,Wire,0
2022/09/03 03:40,20,800000157,1,800000051,4672.30,US Dollar,4672.30,US Dollar,ACH,0
2022/09/03 03:45,10,800000069,20,800000127,3208.41,US Dollar,3208.41,US Dollar,Cheque,0
2022/09/03 03:45,20,800000138,10,800000066,288.85,US Dollar,288.85,US Dollar,Credit Card,0
2022/09/03 03:52,20,800000121,10,800000105,4047.66,US Dollar,4047.66,US Dollar,Credit Card,0
2022/09/03 03:56,20,800000126,10,800000077,3734.54,US Dollar,3734.54,US Dollar,Wire,0
2022/09/03 04:00,20,800000142,20,800000140,2091.13,US Dollar,2091.13,US Dollar,ACH,1
2022/09/03 04:13,20,800000127,10,800000115,4766.07,US Dollar,4766.07,US Dollar,Wire,0
2022/09/03 04:18,1,800000053,20,800000142,386.43,US Dollar,386.43,US Dollar,ACH,0
2022/09/03 04:25,1,800000055,1,800000051,2850.48,US Dollar,2850.48,US Dollar,Credit Card,0
2022/09/03 04:49,10,800000119,20,800000140,256.79,US Dollar,256.79,US Dollar,Credit Card,0
2022/09/03 05:18,1,800000035,10,800000062,1850.12,US Dollar,1850.12,US Dollar,Credit Card,0
2022/09/03 05:52,20,800000121,10,800000113,478.94,US Dollar,478.94,US Dollar,ACH,0
2022/09/03 05:57,20,800000154,10,800000098,265.73,US Dollar,265.73,US Dollar,ACH,0
2022/09/03 06:00,20,800000143,20,800000140,2182.26,US Dollar,2182.26,US Dollar,ACH,1
2022/09/03 06:22,20,800000142,10,800000100,893.78,US Dollar,893.78,US Dollar,Credit Card,0
2022/09/03 06:24,10,800000077,1,800000026,3185.16,US Dollar,3185.16,US Dollar,Credit Card,0
2022/09/03 06:40,20,800000146,10,800000093,3197.27,US Dollar,3197.27,US Dollar,ACH,0
2022/09/03 06:43,20,800000129,20,800000151,1607.65,US Dollar,1607.65,US Dollar,ACH,0
2022/09/03 06:55,1,800000032,10,800000082,3567.57,US Dollar,3567.57,US Dollar,Wire,0
2022/09/03 07:18,20,800000129,20,800000138,1151.31,US Dollar,1151.31,US Dollar,Cheque,0
2022/09/03 07:26,10,800000088,20,800000121,425.34,US Dollar,425.34,US Dollar,Wire,0
2022/09/03 07:44,20,800000154,10,800000101,3357.46,US Dollar,3357.46,US Dollar,Cheque,0
2022/09/03 07:45,20,800000145,1,800000043,2282.55,US Dollar,2282.55,US Dollar,Credit Card,0
2022/09/03 08:00,20,800000144,20,800000140,2273.39,US Dollar,2273.39,US Dollar,ACH,1
2022/09/03 08:05,1,800000035,10,800000104,3232.56,US Dollar,3232.56,US Dollar,Credit Card,0
2022/09/03 08:07,1,800000044,20,800000130,1732.91,US Dollar,1732.91,US Dollar,Wire,0
2022/09/03 08:29,20,800000130,20,800000135,4268.43,US Dollar,4268.43,US Dollar,Credit Card,0
2022/09/03 08:43,10,800000094,20,800000150,3400.71,US Dollar,3400.71,US Dollar,Wire,0
2022/09/03 08:52,1,800000020,10,800000110,1192.68,US Dollar,1192.68,US Dollar,Cheque,0
2022/09/03 08:52,20,800000138,1,800000034,2721.33,US Dollar,2721.33,US Dollar,Cheque,0
2022/09/03 09:01,20,800000129,20,800000123,3420.12,US Dollar,3420.12,US Dollar,Credit Card,0
2022/09/03 09:10,10,800000068,1,800000024,2144.93,US Dollar,2144.93,US Dollar,Cheque,0
2022/09/03 09:19,1,800000043,20,800000155,1071.88,US Dollar,1071.88,US Dollar,Wire,0
2022/09/03 09:21,20,800000126,1,800000035,1032.46,US Dollar,1032.46,US Dollar,Wire,0
2022/09/03 09:48,20,800000154,1,800000043,3118.62,US Dollar,3118.62,US Dollar,Credit Card,0
2022/09/03 09:53,1,800000040,10,800000089,2154.79,US Dollar,2154.79,US Dollar,Wire,0
2022/09/03 10:00,20,800000145,20,800000140,2364.52,US Dollar,2364.52,US Dollar,ACH,1
2022/09/03 10:12,1,800000035,20,800000142,4074.67,US Dollar,4074.67,US Dollar,ACH,0
2022/09/03 10:24,20,800000136,1,800000020,4761.23,US Dollar,4761.23,US Dollar,Cheque,0
2022/09/03 10:31,20,800000120,1,800000026,448.75,US Dollar,448.75,US Dollar,Cheque,0
2022/09/03 10:32,20,800000133,10,800000096,4135.79,US Dollar,4135.79,US Dollar,Credit Card,0
2022/09/03 10:50,1,800000046,1,800000053,464.66,US Dollar,464.66,US Dollar,Wire,0
2022/09/03 11:19,10,800000087,1,800000029,564.91,US Dollar,564.91,US Dollar,Credit Card,0
2022/09/03 11:39,10,800000089,1,800000051,3846.88,US Dollar,3846.88,US Dollar,Wire,0
2022/09/03 12:11,1,800000044,1,800000030,1517.43,US Dollar,1517.43,US Dollar,ACH,0
2022/09/03 12:15,20,800000158,1,800000030,3660.02,US Dollar,3660.02,US Dollar,Cheque,0
2022/09/03 12:46,20,800000135,10,800000064,4318.73,US Dollar,4318.73,US Dollar,ACH,0
2022/09/03 13:26,1,800000052,10,800000101,3101.11,US Dollar,3101.11,US Dollar,Wire,0
2022/09/03 13:42,10,800000112,20,800000151,2869.91,US Dollar,2869.91,US Dollar,Cheque,0
2022/09/03 13:54,20,800000150,20,800000134,3891.29,US Dollar,3891.29,US Dollar,Cheque,0
2022/09/03 13:56,1,800000048,10,800000095,2115.13,US Dollar,2115.13,US Dollar,ACH,0
2022/09/03 14:30,1,800000049,10,800000109,1721.93,US Dollar,1721.93,US Dollar,Cheque,0
2022/09/03 15:02,10,800000110,20,800000149,402.41,US Dollar,402.41,US Dollar,Wire,0
2022/09/03 15:09,1,800000055,20,800000128,921.57,US Dollar,921.57,US Dollar,Cheque,0
2022/09/03 15:20,20,800000140,20,800000146,1900.00,US Dollar,1900.00,US Dollar,ACH,1
2022/09/03 15:24,10,800000060,20,800000132,2024.20,US Dollar,2024.20,US Dollar,Cheque,0
2022/09/03 16:39,1,800000025,1,800000059,1183.09,US Dollar,1183.09,US Dollar,ACH,0
2022/09/03 16:52,1,800000057,1,800000026,269.52,US Dollar,269.52,US Dollar,ACH,0
2022/09/03 16:56,20,800000135,10,800000068,1577.25,US Dollar,1577.25,US Dollar,Cheque,0
2022/09/03 17:01,20,800000154,1,800000049,3591.91,US Dollar,3591.91,US Dollar,Wire,0
2022/09/03 17:05,10,800000100,1,800000034,288.18,US Dollar,288.18,US Dollar,Cheque,0
2022/09/03 17:20,20,800000140,20,800000147,1987.19,US Dollar,1987.19,US Dollar,ACH,1
2022/09/03 18:10,10,800000093,20,800000132,4234.02,US Dollar,4234.02,US Dollar,ACH,0
2022/09/03 18:18,20,800000144,10,800000076,1346.44,US Dollar,1346.44,US Dollar,ACH,0
2022/09/03 18:40,20,800000151,20,800000152,2600.00,US Dollar,2600.00,US Dollar,ACH,1
2022/09/03 18:42,1,800000041,10,800000081,3470.35,US Dollar,3470.35,US Dollar,Cheque,0
2022/09/03 18:44,1,800000049,10,800000072,3455.36,US Dollar,3455.36,US Dollar,ACH,0
2022/09/03 19:15,1,800000031,1,800000029,1495.73,US Dollar,1495.73,US Dollar,ACH,0
2022/09/03 19:20,20,800000140,20,800000148,2074.38,US Dollar,2074.38,US Dollar,ACH,1
2022/09/03 19:25,20,800000123,10,800000089,2427.24,US Dollar,2427.24,US Dollar,Wire,0
2022/09/03 19:32,10,800000075,20,800000129,3968.03,US Dollar,3968.03,US Dollar,Credit Card,0
2022/09/03 19:53,10,800000086,10,800000112,2485.88,US Dollar,2485.88,US Dollar,Wire,0
2022/09/03 20:01,10,800000100,10,800000068,3674.83,US Dollar,3674.83,US Dollar,Wire,0
2022/09/03 20:10,20,800000151,20,800000153,2653.41,US Dollar,2653.41,US Dollar,ACH,1
2022/09/03 20:12,20,800000146,10,800000118,585.53,US Dollar,585.53,US Dollar,ACH,0
2022/09/03 20:14,1,800000036,1,800000048,4024.27,US Dollar,4024.27,US Dollar,ACH,0
2022/09/03 20:24,20,800000149,10,800000093,3035.71,US Dollar,3035.71,US Dollar,Wire,0
2022/09/03 20:39,20,800000138,10,800000092,3746.09,US Dollar,3746.09,US Dollar,Wire,0
2022/09/03 20:50,10,800000112,10,800000093,399.28,US Dollar,399.28,US Dollar,Wire,0
2022/09/03 21:01,10,800000117,20,800000155,1450.76,US Dollar,1450.76,US Dollar,Wire,0
2022/09/03 21:02,1,800000037,1,800000058,93.42,US Dollar,93.42,US Dollar,Wire,0
2022/09/03 21:18,10,800000087,20,800000148,3669.32,US Dollar,3669.32,US Dollar,ACH,0
2022/09/03 21:20,20,800000140,20,800000149,2161.57,US Dollar,2161.57,US Dollar,ACH,1
2022/09/03 21:40,20,800000151,20,800000154,2706.82,US Dollar,2706.82,US Dollar,ACH,1
2022/09/03 21:49,10,800000100,20,800000131,2929.49,US Dollar,2929.49,US Dollar,ACH,0
2022/09/03 22:14,10,800000094,10,800000088,4573.89,US Dollar,4573.89,US Dollar,ACH,0
2022/09/03 22:23,20,800000152,20,800000136,757.47,US Dollar,757.47,US Dollar,Cheque,0
2022/09/03 22:32,10,800000091,10,800000090,2690.01,US Dollar,2690.01,US Dollar,Cheque,0
2022/09/03 22:50,10,800000102,10,800000077,1693.61,US Dollar,1693.61,US Dollar,Credit Card,0
2022/09/03 22:53,20,800000147,10,800000114,4440.47,US Dollar,4440.47,US Dollar,Credit Card,0
2022/09/03 23:10,20,800000151,20,800000155,2760.23,US Dollar,2760.23,US Dollar,ACH,1
2022/09/03 23:14,1,800000059,20,800000131,886.65,US Dollar,886.65,US Dollar,Credit Card,0
2022/09/03 23:20,20,800000140,20,800000150,2248.76,US Dollar,2248.76,US Dollar,ACH,1
2022/09/03 23:32,10,800000082,20,800000131,2847.14,US Dollar,2847.14,US Dollar,ACH,0
2022/09/03 23:35,10,800000065,1,800000047,4410.73,US Dollar,4410.73,US Dollar,Cheque,0
2022/09/04 00:06,10,800000083,1,800000040,2546.16,US Dollar,2546.16,US Dollar,Credit Card,0
2022/09/04 00:24,10,800000061,20,800000158,4579.12,US Dollar,4579.12,US Dollar,ACH,0
2022/09/04 00:30,10,800000082,1,800000032,3231.71,US Dollar,3231.71,US Dollar,Cheque,0
2022/09/04 00:40,10,800000106,20,800000149,3984.37,US Dollar,3984.37,US Dollar,Wire,0
2022/09/04 00:40,10,800000072,1,800000035,2757.85,US Dollar,2757.85,US Dollar,Credit Card,0
2022/09/04 00:42,20,800000130,10,800000064,663.63,US Dollar,663.63,US Dollar,Cheque,0
2022/09/04 01:13,1,800000047,10,800000083,960.05,US Dollar,960.05,US Dollar,Wire,0
2022/09/04 01:21,10,800000109,1,800000050,897.75,US Dollar,897.75,US Dollar,Wire,0
2022/09/04 01:22,20,800000128,10,800000067,2361.68,US Dollar,2361.68,US Dollar,Cheque,0
2022/09/04 01:24,10,800000094,1,800000028,1355.55,US Dollar,1355.55,US Dollar,Credit Card,0
2022/09/04 01:26,10,800000096,10,800000116,923.43,US Dollar,923.43,US Dollar,Wire,0
2022/09/04 01:30,1,800000020,20,800000153,4446.48,US Dollar,4446.48,US Dollar,Cheque,0
2022/09/04 01:37,20,800000155,20,800000128,4630.72,US Dollar,4630.72,US Dollar,Cheque,0
2022/09/04 01:45,10,800000090,1,800000057,4740.75,US Dollar,4740.75,US Dollar,Credit Card,0
2022/09/04 02:01,1,800000055,20,800000159,2369.50,US Dollar,2369.50,US Dollar,ACH,0
2022/09/04 02:05,1,800000036,20,800000126,1986.10,US Dollar,1986.10,US Dollar,Wire,0
2022/09/04 02:09,10,800000093,1,800000051,2774.01,US Dollar,2774.01,US Dollar,Wire,0
2022/09/04 02:10,10,800000092,10,800000060,2131.38,US Dollar,2131.38,US Dollar,Credit Card,0
2022/09/04 02:27,1,800000055,1,800000046,3264.32,US Dollar,3264.32,US Dollar,ACH,0
2022/09/04 02:46,1,800000039,1,800000048,343.35,US Dollar,343.35,US Dollar,Cheque,0
2022/09/04 02:48,20,800000133,20,800000149,2077.02,US Dollar,2077.02,US Dollar,Wire,0
2022/09/04 02:59,20,800000133,1,800000033,1016.90,US Dollar,1016.90,US Dollar,Cheque,0
2022/09/04 03:05,10,800000101,10,800000108,3420.32,US Dollar,3420.32,US Dollar,Credit Card,0
2022/09/04 03:08,1,800000045,1,800000055,74.61,US Dollar,74.61,US Dollar,Cheque,0
2022/09/04 03:12,1,800000040,10,800000084,982.43,US Dollar,982.43,US Dollar,Credit Card,0
2022/09/04 03:19,20,800000144,1,800000024,81.41,US Dollar,81.41,US Dollar,Wire,0
2022/09/04 03:37,1,800000036,10,800000106,149.91,US Dollar,149.91,US Dollar,Cheque,0
2022/09/04 03:38,10,800000080,20,800000146,174.85,US Dollar,174.85,US Dollar,Credit Card,0
2022/09/04 03:42,1,800000033,20,800000143,4202.06,US Dollar,4202.06,US Dollar,ACH,0
2022/09/04 03:43,20,800000155,1,800000022,3222.35,US Dollar,3222.35,US Dollar,Credit Card,0
2022/09/04 04:00,20,800000125,10,800000096,1356.98,US Dollar,1356.98,US Dollar,Cheque,0
2022/09/04 04:18,1,800000054,20,800000138,3220.99,US Dollar,3220.99,US Dollar,Credit Card,0
2022/09/04 04:31,20,800000145,10,800000101,2329.07,US Dollar,2329.07,US Dollar,Credit Card,0
2022/09/04 04:34,1,800000035,1,800000055,2513.75,US Dollar,2513.75,US Dollar,Credit Card,0
2022/09/04 04:40,1,800000054,10,800000069,3922.28,US Dollar,3922.28,US Dollar,Wire,0
2022/09/04 04:40,20,800000152,20,800000156,2550.00,US Dollar,2550.00,US Dollar,ACH,1
2022/09/04 04:48,10,800000114,10,800000100,2016.17,US Dollar,2016.17,US Dollar,Cheque,0
2022/09/04 04:58,10,800000065,20,800000146,2253.78,US Dollar,2253.78,US Dollar,Wire,0
2022/09/04 05:16,1,800000057,10,800000082,2573.04,US Dollar,2573.04,US Dollar,Cheque,0
2022/09/04 05:26,20,800000122,10,800000088,364.40,US Dollar,364.40,US Dollar,Credit Card,0
2022/09/04 05:27,10,800000081,1,800000034,1194.14,US Dollar,1194.14,US Dollar,ACH,0
2022/09/04 05:46,1,800000037,10,800000080,1967.93,US Dollar,1967.93,US Dollar,Cheque,0
2022/09/04 05:48,20,800000135,10,800000082,3614.76,US Dollar,3614.76,US Dollar,Wire,0
2022/09/04 05:51,10,800000113,1,800000031,1952.76,US Dollar,1952.76,US Dollar,Cheque,0
2022/09/04 05:52,10,800000069,10,800000114,3271.96,US Dollar,3271.96,US Dollar,Wire,0
2022/09/04 05:57,10,800000074,20,800000158,678.48,US Dollar,678.48,US Dollar,Wire,0
2022/09/04 06:05,20,800000143,1,800000047,1176.73,US Dollar,1176.73,US Dollar,Credit Card,0
2022/09/04 06:10,20,800000153,20,800000156,2599.17,US Dollar,2599.17,US Dollar,ACH,1
2022/09/04 06:13,10,800000104,10,800000097,2816.69,US Dollar,2816.69,US Dollar,ACH,0
2022/09/04 06:22,20,800000145,1,800000046,4195.42,US Dollar,4195.42,US Dollar,Credit Card,0
2022/09/04 06:35,20,800000136,20,800000126,4259.15,US Dollar,4259.15,US Dollar,Cheque,0
2022/09/04 06:36,1,800000047,1,800000026,4462.21,US Dollar,4462.21,US Dollar,Wire,0
2022/09/04 06:54,10,800000102,10,800000092,1654.34,US Dollar,1654.34,US Dollar,Cheque,0
2022/09/04 07:11,10,800000093,10,800000073,2091.97,US Dollar,2091.97,US Dollar,Credit Card,0
2022/09/04 07:14,1,800000043,20,800000149,1876.29,US Dollar,1876.29,US Dollar,ACH,0
2022/09/04 07:40,20,800000154,20,800000156,2648.34,US Dollar,2648.34,US Dollar,ACH,1
2022/09/04 07:41,1,800000030,1,800000040,2041.32,US Dollar,2041.32,US Dollar,Credit Card,0
2022/09/04 07:44,1,800000057,1,800000024,1288.68,US Dollar,1288.68,US Dollar,Wire,0
2022/09/04 08:07,1,800000055,1,800000047,2974.47,US Dollar,2974.47,US Dollar,Cheque,0
2022/09/04 08:13,1,800000038,10,800000068,3872.09,US Dollar,3872.09,US Dollar,Cheque,0
2022/09/04 08:44,20,800000133,10,800000097,3832.57,US Dollar,3832.57,US Dollar,ACH,0
2022/09/04 09:10,20,800000155,20,800000156,2697.51,US Dollar,2697.51,US Dollar,ACH,1
2022/09/04 09:21,20,800000128,1,800000036,1877.64,US Dollar,1877.64,US Dollar,Wire,0
2022/09/04 09:22,10,800000104,1,800000057,3796.06,US Dollar,3796.06,US Dollar,ACH,0
2022/09/04 09:55,1,800000041,10,800000083,2678.63,US Dollar,2678.63,US Dollar,Credit Card,0
2022/09/04 09:58,1,800000046,10,800000097,4088.89,US Dollar,4088.89,US Dollar,ACH,0
2022/09/04 09:58,20,800000128,1,800000033,4649.89,US Dollar,4649.89,US Dollar,Credit Card,0
2022/09/04 10:15,1,800000041,20,800000128,424.90,US Dollar,424.90,US Dollar,Cheque,0
2022/09/04 10:17,1,800000029,1,800000022,1467.36,US Dollar,1467.36,US Dollar,ACH,0
2022/09/04 10:35,1,800000033,10,800000088,1841.55,US Dollar,1841.55,US Dollar,ACH,0
2022/09/04 10:51,1,800000026,10,800000097,1025.87,US Dollar,1025.87,US Dollar,Cheque,0
2022/09/04 11:19,1,800000037,20,800000155,2725.63,US Dollar,2725.63,US Dollar,Cheque,0
2022/09/04 11:21,10,800000113,10,800000080,4655.55,US Dollar,4655.55,US Dollar,Credit Card,0
2022/09/04 11:27,20,800000155,10,800000100,2885.61,US Dollar,2885.61,US Dollar,Wire,0
2022/09/04 11:32,10,800000086,20,800000134,1069.21,US Dollar,1069.21,US Dollar,Credit Card,0
2022/09/04 12:10,10,800000103,10,800000101,821.88,US Dollar,821.88,US Dollar,Credit Card,0
2022/09/04 12:27,10,800000067,10,800000117,457.05,US Dollar,457.05,US Dollar,Credit Card,0
2022/09/04 12:57,10,800000062,20,800000139,4417.82,US Dollar,4417.82,US Dollar,ACH,0
2022/09/04 13:02,10,800000081,20,800000127,3085.02,US Dollar,3085.02,US Dollar,Wire,0
2022/09/04 13:14,1,800000057,1,800000036,649.41,US Dollar,649.41,US Dollar,Credit Card,0
2022/09/04 13:34,20,800000156,10,800000117,4582.16,US Dollar,4582.16,US Dollar,Wire,0
2022/09/04 13:45,20,800000132,10,800000109,3481.55,US Dollar,3481.55,US Dollar,Cheque,0
2022/09/04 13:52,1,800000033,20,800000142,859.93,US Dollar,859.93,US Dollar,Wire,0
2022/09/04 14:06,1,800000021,20,800000125,703.08,US Dollar,703.08,US Dollar,Cheque,0
2022/09/04 14:09,10,800000076,1,800000021,387.22,US Dollar,387.22,US Dollar,ACH,0
2022/09/04 14:20,20,800000120,20,800000145,725.32,US Dollar,725.32,US Dollar,Credit Card,0
2022/09/04 14:26,20,800000122,1,800000037,723.90,US Dollar,723.90,US Dollar,ACH,0
2022/09/04 14:30,20,800000126,10,800000116,2196.96,US Dollar,2196.96,US Dollar,ACH,0
2022/09/04 14:47,1,800000045,10,800000117,1370.37,US Dollar,1370.37,US Dollar,Credit Card,0
2022/09/04 15:12,10,800000069,10,800000064,2952.03,US Dollar,2952.03,US Dollar,Wire,0
2022/09/04 15:22,20,800000138,10,800000117,1332.25,US Dollar,1332.25,US Dollar,Cheque,0
2022/09/04 15:33,10,800000105,10,800000092,2208.16,US Dollar,2208.16,US Dollar,Wire,0
2022/09/04 15:34,1,800000030,1,800000027,435.81,US Dollar,435.81,US Dollar,Credit Card,0
2022/09/04 15:36,10,800000085,20,800000145,4640.91,US Dollar,4640.91,US Dollar,Wire,0
2022/09/04 15:46,10,800000074,20,800000147,1929.25,US Dollar,1929.25,US Dollar,Wire,0
2022/09/04 15:50,1,800000031,20,800000153,1482.74,US Dollar,1482.74,US Dollar,ACH,0
2022/09/04 16:07,10,800000087,20,800000121,671.67,US Dollar,671.67,US Dollar,Credit Card,0
2022/09/04 16:25,20,800000128,1,800000049,2636.67,US Dollar,2636.67,US Dollar,Cheque,0
2022/09/04 16:30,10,800000104,10,800000061,3522.82,US Dollar,3522.82,US Dollar,Credit Card,0
2022/09/04 16:43,10,800000099,20,800000122,4776.96,US Dollar,4776.96,US Dollar,Credit Card,0
2022/09/04 16:52,1,800000045,1,800000049,4100.77,US Dollar,4100.77,US Dollar,Cheque,0
2022/09/04 17:14,20,800000128,1,800000046,3545.95,US Dollar,3545.95,US Dollar,Cheque,0
2022/09/04 17:38,10,800000092,10,800000084,3487.73,US Dollar,3487.73,US Dollar,Cheque,0
2022/09/04 17:52,10,800000095,1,800000025,4695.24,US Dollar,4695.24,US Dollar,Wire,0
2022/09/04 18:19,1,800000030,10,800000108,2580.54,US Dollar,2580.54,US Dollar,Credit Card,0
2022/09/04 18:21,10,800000116,1,800000040,3292.97,US Dollar,3292.97,US Dollar,Cheque,0
2022/09/04 18:38,10,800000063,1,800000041,1397.99,US Dollar,1397.99,US Dollar,Credit Card,0
2022/09/04 18:41,10,800000113,20,800000130,382.38,US Dollar,382.38,US Dollar,Credit Card,0
2022/09/04 19:02,20,800000138,10,800000085,2232.96,US Dollar,2232.96,US Dollar,ACH,0
2022/09/04 19:02,10,800000115,1,800000035,2984.72,US Dollar,2984.72,US Dollar,Wire,0
2022/09/04 19:03,10,800000111,10,800000073,3289.82,US Dollar,3289.82,US Dollar,ACH,0
2022/09/04 19:20,1,800000038,20,800000151,1180.52,US Dollar,1180.52,US Dollar,Wire,0
2022/09/04 19:30,10,800000061,10,800000114,1737.54,US Dollar,1737.54,US Dollar,Credit Card,0
2022/09/04 20:01,1,800000024,20,800000148,3912.50,US Dollar,3912.50,US Dollar,Wire,0
2022/09/04 20:03,10,800000084,1,800000026,483.80,US Dollar,483.80,US Dollar,ACH,0
2022/09/04 20:16,20,800000156,10,800000107,2644.80,US Dollar,2644.80,US Dollar,Credit Card,0
2022/09/04 20:27,1,800000025,10,800000107,3127.86,US Dollar,3127.86,US Dollar,Cheque,0
2022/09/04 20:27,10,800000117,1,800000054,3097.49,US Dollar,3097.49,US Dollar,Cheque,0
2022/09/04 20:32,10,800000076,10,800000068,2999.23,US Dollar,2999.23,US Dollar,Cheque,0
2022/09/04 20:34,1,800000027,1,800000056,4081.18,US Dollar,4081.18,US Dollar,Wire,0
2022/09/04 20:35,10,800000108,20,800000130,576.73,US Dollar,576.73,US Dollar,Wire,0
2022/09/04 21:14,10,800000119,20,800000127,1785.71,US Dollar,1785.71,US Dollar,Cheque,0
2022/09/04 21:26,10,800000089,1,800000031,4439.76,US Dollar,4439.76,US Dollar,Credit Card,0
2022/09/04 21:30,10,800000082,20,800000147,2665.55,US Dollar,2665.55,US Dollar,Credit Card,0
2022/09/04 21:38,10,800000090,1,800000022,2738.16,US Dollar,2738.16,US Dollar,ACH,0
2022/09/04 21:40,20,800000139,10,800000098,808.65,US Dollar,808.65,US Dollar,Credit Card,0
2022/09/04 21:43,20,800000145,1,800000038,2790.85,US Dollar,2790.85,US Dollar,ACH,0
2022/09/04 22:01,10,800000093,20,800000132,640.68,US Dollar,640.68,US Dollar,Credit Card,0
2022/09/04 22:07,10,800000060,1,800000020,1990.46,US Dollar,1990.46,US Dollar,Wire,0
2022/09/04 22:13,1,800000050,20,800000157,4566.67,US Dollar,4566.67,US Dollar,Cheque,0
2022/09/04 22:17,20,800000121,10,800000070,410.98,US Dollar,410.98,US Dollar,Cheque,0
2022/09/04 22:51,20,800000123,20,800000151,3611.56,US Dollar,3611.56,US Dollar,Credit Card,0
2022/09/04 22:55,10,800000096,10,800000102,2915.25,US Dollar,2915.25,US Dollar,Cheque,0
2022/09/04 23:13,1,800000031,1,800000033,2678.46,US Dollar,2678.46,US Dollar,Cheque,0
2022/09/04 23:36,10,800000096,10,800000060,3431.09,US Dollar,3431.09,US Dollar,Cheque,0
2022/09/04 23:38,1,800000057,10,800000082,199.96,US Dollar,199.96,US Dollar,ACH,0
2022/09/04 23:44,10,800000083,10,800000088,806.19,US Dollar,806.19,US Dollar,ACH,0
2022/09/05 00:05,20,800000142,10,800000082,3354.22,US Dollar,3354.22,US Dollar,Cheque,0
2022/09/05 00:07,20,800000157,10,800000063,1587.35,US Dollar,1587.35,US Dollar,Credit Card,0
2022/09/05 00:11,10,800000095,10,800000112,2792.42,US Dollar,2792.42,US Dollar,ACH,0
2022/09/05 00:13,20,800000135,20,800000129,1896.97,US Dollar,1896.97,US Dollar,Cheque,0
2022/09/05 00:14,10,800000077,10,800000096,3713.08,US Dollar,3713.08,US Dollar,Cheque,0
2022/09/05 00:17,1,800000031,10,800000101,3587.35,US Dollar,3587.35,US Dollar,Wire,0
2022/09/05 00:31,10,800000094,1,800000028,1149.51,US Dollar,1149.51,US Dollar,Credit Card,0
2022/09/05 00:36,10,800000081,10,800000077,1478.50,US Dollar,1478.50,US Dollar,Cheque,0
2022/09/05 00:46,10,800000118,10,800000068,1259.93,US Dollar,1259.93,US Dollar,Wire,0
2022/09/05 00:46,10,800000099,20,800000120,662.52,US Dollar,662.52,US Dollar,ACH,0
2022/09/05 01:30,10,800000094,1,800000030,1416.24,US Dollar,1416.24,US Dollar,ACH,0
2022/09/05 01:45,20,800000149,1,800000026,2715.91,US Dollar,2715.91,US Dollar,Wire,0
2022/09/05 01:58,10,800000089,10,800000092,2922.94,US Dollar,2922.94,US Dollar,Credit Card,0
2022/09/05 01:59,10,800000095,10,800000098,2168.10,US Dollar,2168.10,US Dollar,Wire,0
2022/09/05 02:04,10,800000107,1,800000056,1534.77,US Dollar,1534.77,US Dollar,Credit Card,0
2022/09/05 02:08,10,800000099,20,800000121,4798.08,US Dollar,4798.08,US Dollar,Wire,0
2022/09/05 02:10,1,800000025,10,800000096,2249.27,US Dollar,2249.27,US Dollar,Wire,0
2022/09/05 02:23,1,800000059,10,800000063,3178.98,US Dollar,3178.98,US Dollar,Credit Card,0
2022/09/05 02:31,10,800000107,10,800000060,1807.75,US Dollar,1807.75,US Dollar,Credit Card,0
2022/09/05 02:55,20,800000135,10,800000114,489.20,US Dollar,489.20,US Dollar,Cheque,0
2022/09/05 02:57,20,800000125,10,800000119,3751.05,US Dollar,3751.05,US Dollar,Cheque,0
2022/09/05 03:07,1,800000033,20,800000121,3021.62,US Dollar,3021.62,US Dollar,Cheque,0
2022/09/05 03:17,10,800000075,1,800000058,2656.82,US Dollar,2656.82,US Dollar,Wire,0
2022/09/05 03:25,1,800000033,1,800000045,337.91,US Dollar,337.91,US Dollar,Credit Card,0
2022/09/05 03:37,10,800000108,10,800000087,3883.86,US Dollar,3883.86,US Dollar,Wire,0
2022/09/05 03:41,1,800000041,1,800000049,3998.76,US Dollar,3998.76,US Dollar,Cheque,0
2022/09/05 03:44,20,800000136,10,800000093,2059.29,US Dollar,2059.29,US Dollar,Wire,0
2022/09/05 04:17,1,800000040,1,800000030,4274.76,US Dollar,4274.76,US Dollar,Credit Card,0
2022/09/05 04:18,10,800000119,20,800000127,2606.55,US Dollar,2606.55,US Dollar,Cheque,0
2022/09/05 04:22,10,800000081,1,800000046,3714.63,US Dollar,3714.63,US Dollar,Credit Card,0
2022/09/05 04:40,10,800000067,20,800000130,1929.02,US Dollar,1929.02,US Dollar,Cheque,0
2022/09/05 04:59,20,800000158,10,800000104,1873.27,US Dollar,1873.27,US Dollar,Cheque,0
2022/09/05 05:14,1,800000023,10,800000074,4501.51,US Dollar,4501.51,US Dollar,ACH,0
2022/09/05 05:27,20,800000136,10,800000114,3234.81,US Dollar,3234.81,US Dollar,Wire,0
2022/09/05 05:42,1,800000056,10,800000087,713.24,US Dollar,713.24,US Dollar,Credit Card,0
2022/09/05 06:02,10,800000108,20,800000133,3165.87,US Dollar,3165.87,US Dollar,Wire,0
2022/09/05 06:05,1,800000054,20,800000142,777.63,US Dollar,777.63,US Dollar,Credit Card,0
2022/09/05 06:15,20,800000121,20,800000146,934.98,US Dollar,934.98,US Dollar,Credit Card,0
2022/09/05 06:19,10,800000110,20,800000124,4675.73,US Dollar,4675.73,US Dollar,Cheque,0
2022/09/05 06:38,10,800000060,20,800000141,2187.83,US Dollar,2187.83,US Dollar,Cheque,0
2022/09/05 06:42,1,800000024,10,800000073,2838.42,US Dollar,2838.42,US Dollar,Wire,0
2022/09/05 06:50,20,800000159,20,800000141,1253.24,US Dollar,1253.24,US Dollar,Cheque,0
2022/09/05 06:54,10,800000086,10,800000118,1168.73,US Dollar,1168.73,US Dollar,Credit Card,0
2022/09/05 07:00,1,800000041,1,800000033,789.00,US Dollar,789.00,US Dollar,ACH,0
2022/09/05 07:04,20,800000133,20,800000126,1347.54,US Dollar,1347.54,US Dollar,ACH,0
2022/09/05 07:47,10,800000070,10,800000064,2911.40,US Dollar,2911.40,US Dollar,ACH,0
2022/09/05 07:50,1,800000041,20,800000144,3926.11,US Dollar,3926.11,US Dollar,Cheque,0
2022/09/05 07:55,10,800000074,20,800000136,1602.52,US Dollar,1602.52,US Dollar,Wire,0
2022/09/05 07:56,1,800000021,10,800000098,2162.50,US Dollar,2162.50,US Dollar,Credit Card,0
2022/09/05 08:04,20,800000144,10,800000107,4297.23,US Dollar,4297.23,US Dollar,ACH,0
2022/09/05 08:11,20,800000152,1,800000051,1404.05,US Dollar,1404.05,US Dollar,Cheque,0
2022/09/05 08:11,20,800000135,10,800000114,1817.06,US Dollar,1817.06,US Dollar,ACH,0
2022/09/05 08:17,1,800000054,10,800000087,3505.66,US Dollar,3505.66,US Dollar,Wire,0
2022/09/05 08:42,10,800000075,20,800000139,3372.46,US Dollar,3372.46,US Dollar,Credit Card,0
2022/09/05 08:56,1,800000049,20,800000157,3616.67,US Dollar,3616.67,US Dollar,Credit Card,0
2022/09/05 08:57,10,800000102,10,800000093,3118.02,US Dollar,3118.02,US Dollar,ACH,0
2022/09/05 08:59,1,800000028,10,800000093,1992.12,US Dollar,1992.12,US Dollar,Cheque,0
2022/09/05 09:27,20,800000134,10,800000115,1907.89,US Dollar,1907.89,US Dollar,Cheque,0
2022/09/05 09:28,10,800000063,20,800000137,2736.84,US Dollar,2736.84,US Dollar,Wire,0
2022/09/05 09:44,10,800000115,10,800000092,1890.23,US Dollar,1890.23,US Dollar,Credit Card,0
2022/09/05 09:48,20,800000125,10,800000072,1999.29,US Dollar,1999.29,US Dollar,Wire,0
2022/09/05 09:53,10,800000081,10,800000118,1159.42,US Dollar,1159.42,US Dollar,Wire,0
2022/09/05 09:53,20,800000121,10,800000081,2672.38,US Dollar,2672.38,US Dollar,Credit Card,0
2022/09/05 10:17,1,800000028,1,800000052,369.36,US Dollar,369.36,US Dollar,Credit Card,0
2022/09/05 10:42,20,800000124,1,800000059,405.43,US Dollar,405.43,US Dollar,Credit Card,0
2022/09/05 10:45,10,800000094,20,800000145,4646.87,US Dollar,4646.87,US Dollar,Cheque,0
2022/09/05 10:53,20,800000141,10,800000087,4643.59,US Dollar,4643.59,US Dollar,Cheque,0
2022/09/05 11:00,20,800000120,10,800000095,3119.31,US Dollar,3119.31,US Dollar,Cheque,0
2022/09/05 11:04,10,800000109,10,800000099,1679.57,US Dollar,1679.57,US Dollar,Cheque,0
2022/09/05 11:17,10,800000103,10,800000116,1381.43,US Dollar,1381.43,US Dollar,Wire,0
2022/09/05 11:23,20,800000126,10,800000064,1003.78,US Dollar,1003.78,US Dollar,Credit Card,0
2022/09/05 11:32,10,800000090,20,800000126,1664.41,US Dollar,1664.41,US Dollar,Credit Card,0
2022/09/05 11:57,10,800000067,1,800000023,3548.94,US Dollar,3548.94,US Dollar,Credit Card,0
2022/09/05 12:03,20,800000131,10,800000090,3087.48,US Dollar,3087.48,US Dollar,ACH,0
2022/09/05 12:35,20,800000137,10,800000109,1499.66,US Dollar,1499.66,US Dollar,Cheque,0
2022/09/05 12:38,10,800000094,1,800000037,3940.09,US Dollar,3940.09,US Dollar,Wire,0
2022/09/05 12:38,20,800000137,10,800000111,4088.00,US Dollar,4088.00,US Dollar,Wire,0
2022/09/05 12:47,1,800000048,20,800000126,2822.59,US Dollar,2822.59,US Dollar,ACH,0
2022/09/05 12:58,10,800000119,10,800000106,3227.15,US Dollar,3227.15,US Dollar,Wire,0
2022/09/05 13:22,1,800000039,20,800000123,1775.73,US Dollar,1775.73,US Dollar,Cheque,0
2022/09/05 13:29,20,800000126,20,800000140,3647.41,US Dollar,3647.41,US Dollar,Cheque,0
2022/09/05 13:46,1,800000029,1,800000055,3439.56,US Dollar,3439.56,US Dollar,Wire,0
2022/09/05 13:47,1,800000047,20,800000128,1089.50,US Dollar,1089.50,US Dollar,Wire,0
2022/09/05 13:51,20,800000121,10,800000108,4584.39,US Dollar,4584.39,US Dollar,Cheque,0
2022/09/05 14:12,1,800000049,10,800000091,2776.98,US Dollar,2776.98,US Dollar,Wire,0
2022/09/05 14:25,10,800000072,10,800000091,3623.55,US Dollar,3623.55,US Dollar,ACH,0
2022/09/05 14:30,10,800000076,20,800000134,2849.01,US Dollar,2849.01,US Dollar,ACH,0
2022/09/05 14:41,10,800000080,10,800000061,4686.98,US Dollar,4686.98,US Dollar,Cheque,0
2022/09/05 14:47,20,800000138,20,800000142,3050.75,US Dollar,3050.75,US Dollar,Cheque,0
2022/09/05 15:00,1,800000037,10,800000073,2835.32,US Dollar,2835.32,US Dollar,Cheque,0
2022/09/05 15:28,10,800000098,1,800000025,1930.76,US Dollar,1930.76,US Dollar,ACH,0
2022/09/05 16:24,20,800000154,20,800000125,3703.53,US Dollar,3703.53,US Dollar,ACH,0
2022/09/05 16:26,20,800000132,10,800000105,2095.43,US Dollar,2095.43,US Dollar,Cheque,0
2022/09/05 16:44,20,800000157,20,800000143,2258.15,US Dollar,2258.15,US Dollar,Credit Card,0
2022/09/05 17:03,10,800000082,10,800000077,1474.88,US Dollar,1474.88,US Dollar,ACH,0
2022/09/05 17:11,20,800000152,10,800000108,659.59,US Dollar,659.59,US Dollar,Cheque,0
2022/09/05 17:23,20,800000155,20,800000148,4389.06,US Dollar,4389.06,US Dollar,Cheque,0
2022/09/05 17:49,1,800000059,20,800000126,3160.88,US Dollar,3160.88,US Dollar,Wire,0
2022/09/05 18:14,1,800000031,1,800000045,3024.35,US Dollar,3024.35,US Dollar,Wire,0
2022/09/05 18:19,1,800000035,20,800000135,541.63,US Dollar,541.63,US Dollar,Credit Card,0
2022/09/05 18:20,1,800000020,10,800000092,3498.74,US Dollar,3498.74,US Dollar,Wire,0
2022/09/05 18:40,20,800000124,20,800000145,2024.24,US Dollar,2024.24,US Dollar,Wire,0
2022/09/05 18:52,20,800000124,1,800000043,1117.33,US Dollar,1117.33,US Dollar,ACH,0
2022/09/05 19:04,1,800000032,10,800000092,2400.75,US Dollar,2400.75,US Dollar,Wire,0
2022/09/05 19:11,20,800000150,20,800000122,3277.71,US Dollar,3277.71,US Dollar,Credit Card,0
2022/09/05 19:18,20,800000137,10,800000112,468.62,US Dollar,468.62,US Dollar,ACH,0
2022/09/05 20:05,10,800000079,20,800000156,3558.76,US Dollar,3558.76,US Dollar,ACH,0
2022/09/05 20:06,20,800000159,1,800000028,901.93,US Dollar,901.93,US Dollar,Credit Card,0
2022/09/05 20:17,10,800000106,20,800000121,3136.72,US Dollar,3136.72,US Dollar,Credit Card,0
2022/09/05 20:26,20,800000145,10,800000071,632.53,US Dollar,632.53,US Dollar,ACH,0
2022/09/05 20:39,20,800000157,1,800000058,831.55,US Dollar,831.55,US Dollar,Wire,0
2022/09/05 20:52,1,800000039,20,800000133,3888.11,US Dollar,3888.11,US Dollar,ACH,0
2022/09/05 21:08,20,800000131,10,800000104,2737.82,US Dollar,2737.82,US Dollar,ACH,0
2022/09/05 21:22,10,800000078,1,800000037,4350.75,US Dollar,4350.75,US Dollar,Credit Card,0
2022/09/05 21:27,1,800000022,10,800000107,3931.27,US Dollar,3931.27,US Dollar,Wire,0
2022/09/05 21:31,20,800000155,10,800000084,4662.62,US Dollar,4662.62,US Dollar,ACH,0
2022/09/05 21:39,20,800000148,10,800000110,392.36,US Dollar,392.36,US Dollar,ACH,0
2022/09/05 21:46,20,800000137,1,800000049,1296.18,US Dollar,1296.18,US Dollar,Wire,0
2022/09/05 21:55,10,800000079,20,800000158,1082.03,US Dollar,1082.03,US Dollar,ACH,0
2022/09/05 22:31,20,800000155,1,800000030,1141.39,US Dollar,1141.39,US Dollar,Wire,0
2022/09/05 22:32,1,800000053,20,800000130,2438.60,US Dollar,2438.60,US Dollar,ACH,0
2022/09/05 22:44,20,800000142,20,800000122,2588.25,US Dollar,2588.25,US Dollar,Wire,0
2022/09/05 22:45,10,800000106,10,800000109,79.00,US Dollar,79.00,US Dollar,Cheque,0
2022/09/05 22:53,10,800000063,10,800000064,425.10,US Dollar,425.10,US Dollar,Wire,0
2022/09/05 23:21,20,800000148,10,800000104,4181.08,US Dollar,4181.08,US Dollar,Wire,0
2022/09/05 23:29,10,800000108,1,800000059,1359.34,US Dollar,1359.34,US Dollar,ACH,0
2022/09/05 23:41,1,800000053,10,800000097,805.14,US Dollar,805.14,US Dollar,Credit Card,0
